,city,country,city id,lat,max temp,humidity,wind speed,cloud coverage
0,Griffith,AU,7839723,-34.33,41.61,87,8.97,0
1,Verkhnevilyuysk,RU,2013639,63.45,63.12,48,4.5,44
2,Oloron-Sainte-Marie,FR,6440538,43.19,69.8,94,6.93,92
3,Castro,CL,3896218,-42.47,41.97,97,6.96,56
4,Shingu,JP,1852109,33.72,84.2,62,8.05,20
5,Tete,MZ,1026014,-16.16,65.73,79,7.18,0
6,Lazaro Cardenas,MX,4026082,17.96,84.36,84,3.49,20
7,Williamsburg,US,4178397,28.41,78.8,100,4.7,90
8,Tomatlan,MX,3981391,19.93,81.03,81,2.48,48
9,Sumbawanga,TZ,149703,-7.97,69.8,40,8.05,20
10,Honiara,SB,2108502,-9.43,71.6,94,3.36,75
11,Busselton,AU,7839477,-33.68,63.93,97,23.62,92
12,Jamestown,SH,3370903,-15.94,67.71,100,9.64,64
13,Belaya Gora,RU,2126785,68.53,60.24,51,12.77,0
14,Barrow,US,5880054,71.29,39.2,80,17.22,75
15,Georgetown,SH,2411397,-7.93,76.71,100,15.23,92
16,Rosarito,MX,3988392,32.33,75.2,83,1.92,90
17,Hobart,AU,2163355,-42.88,44.6,56,11.41,40
18,Hermanus,ZA,3366880,-34.42,69.87,36,6.73,32
19,Nishihara,JP,1855342,26.18,82.4,88,17.22,75
20,Hilo,US,5855927,19.73,71.6,83,6.93,20
21,Khatanga,RU,2022572,71.97,44.76,63,13.56,88
22,Ketchikan,US,5554428,55.34,57.2,82,8.05,75
23,Iqaluit,CA,5983720,63.75,62.6,55,21.92,5
24,San Quintin,MX,3984997,30.48,68.52,81,3.6,0
25,Wajima,JP,1848976,37.4,75.99,92,3.49,0
26,Albany,AU,7839657,-34.71,61.14,76,19.04,80
27,Rawson,AR,3839307,-43.3,44.13,95,18.14,56
28,Faanui,PF,4034551,-16.48,79.95,100,18.25,64
29,Punta Arenas,CL,3874787,-53.15,32.0,100,8.05,75
30,Ushuaia,AR,3833367,-54.8,42.8,48,12.75,75
31,Thompson,CA,6165406,55.74,59.0,67,3.36,75
32,Port Alfred,ZA,964432,-33.59,72.75,53,5.5,0
33,Upernavik,GL,3418910,72.79,38.64,98,6.06,0
34,Bengkulu,ID,1649150,-3.8,79.68,100,0.69,24
35,Coquimbo,CL,3893629,-29.95,55.4,43,5.82,0
36,Mar del Plata,AR,3430863,-38.0,51.8,76,11.41,75
37,Sao Filipe,CV,3374210,14.9,79.32,89,0.69,12
38,Kruisfontein,ZA,986717,-34.0,70.59,47,1.48,8
39,Victoria,SC,241131,-4.62,78.8,83,9.17,20
40,Emmett,US,5592562,43.87,77.0,27,8.05,1
41,Naze,JP,1855540,28.37,81.39,99,31.12,92
42,Vaini,TO,4032243,-21.2,69.8,77,6.93,20
43,Pinega,RU,509483,64.7,79.32,40,7.52,0
44,Versalles,CO,3666102,4.58,77.0,73,3.36,75
45,Cape Town,ZA,3369157,-33.93,64.4,68,11.41,0
46,Opuwo,,3354077,-18.06,72.84,25,12.44,8
47,Mahebourg,MU,934322,-20.41,69.8,77,10.29,75
48,Bethel,US,4182260,32.41,84.2,88,6.73,90
49,Chuy,UY,3443061,-33.7,53.76,100,16.58,92
50,Hithadhoo,MV,1282256,-0.6,81.21,100,7.18,56
51,Santa Cruz,CR,3621607,10.26,86.0,58,12.75,75
52,Lebu,CL,3883457,-37.62,50.7,100,5.95,8
53,Gaziantep,TR,314829,37.08,89.6,35,14.99,75
54,Ribeira Grande,PT,8010689,37.8,73.4,56,14.99,40
55,Bonanza,NI,3620645,14.03,78.24,88,4.94,56
56,Guerrero Negro,MX,4021858,27.98,69.42,90,6.51,12
57,Aksarka,RU,1512019,66.56,64.74,40,4.05,8
58,Pevek,RU,2122090,69.7,44.94,87,2.59,0
59,Zemetchino,RU,463710,53.5,79.95,60,9.08,48
60,Hasaki,JP,2112802,35.73,78.8,88,5.82,20
61,Port Hardy,CA,6111862,50.7,57.2,82,4.7,75
62,Kytmanovo,RU,1500990,53.46,65.28,77,4.38,20
63,Ugoofaaru,MV,1337619,5.67,80.49,100,16.02,44
64,Rikitea,PF,4030556,-23.12,74.19,100,14.12,64
65,Kapaa,US,5848280,22.08,78.8,78,17.22,90
66,Yar-Sale,RU,1486321,66.83,55.11,70,9.08,8
67,La Ronge,CA,6050066,55.1,66.2,82,9.17,75
68,Sulangan,PH,1685422,11.14,85.44,97,19.48,20
69,Bluff,NZ,2206939,-46.6,52.86,86,13.78,68
70,Nemuro,JP,2128975,43.32,61.77,92,14.67,92
71,Puerto Ayora,EC,3652764,-0.74,78.8,57,19.46,0
72,Qaanaaq,GL,3831208,77.48,40.44,85,4.94,0
73,Palmer,US,5074769,41.22,75.2,64,8.05,1
74,Sao Joao da Barra,BR,3448903,-21.64,80.6,54,8.05,0
75,Tazovskiy,RU,1489853,67.47,55.92,31,12.21,0
76,Kodiak,US,5866583,57.79,53.6,93,6.93,90
77,Ostrovnoy,RU,556268,68.05,77.61,49,15.01,0
78,East London,ZA,1006984,-33.02,66.2,59,3.36,0
79,Rurrenabaque,BO,3906209,-14.44,86.0,79,2.15,40
80,Grindavik,IS,3416888,63.84,53.6,100,27.51,75
81,Igrim,RU,1505965,63.19,66.54,52,5.73,0
82,Portales,US,5484874,34.19,89.6,22,17.22,1
83,Dingle,IE,2964782,52.14,61.41,100,11.54,88
84,Saint-Philippe,RE,6690301,-21.35,68.0,64,19.46,40
85,Kushiro,JP,2129376,42.98,64.02,96,3.6,88
86,Avarua,CK,4035715,-21.21,69.8,88,28.86,90
87,Digha,IN,1272625,21.68,83.64,100,9.08,44
88,Paciran,ID,1633442,-6.88,83.82,99,15.01,0
89,Yangambi,CD,203717,0.81,83.73,70,2.15,24
90,Kirakira,SB,2178753,-10.45,74.55,100,10.09,92
91,Cajamarca,CO,3688021,4.44,78.8,65,4.7,75
92,Werda,BW,932960,-25.27,65.01,28,10.76,0
93,New Norfolk,AU,2155415,-42.78,44.6,56,11.41,40
94,Yellowknife,CA,6185377,62.46,62.6,67,6.93,20
95,Butaritari,KI,7521588,3.16,84.72,100,9.75,80
96,Ponta do Sol,CV,3374346,17.2,75.63,100,5.61,36
97,Nuuk,GL,3421319,64.18,44.6,81,14.99,75
98,Yulara,AU,6355222,-25.24,48.2,49,5.82,0
99,Beyneu,KZ,610298,45.32,106.86,17,10.09,36
100,Port Augusta,AU,7839451,-32.62,46.4,87,9.17,64
101,Marsh Harbour,BS,3571913,26.54,84.36,98,15.79,8
102,Anamur,TR,323828,36.08,82.56,79,8.75,0
103,Khash,IR,1160571,28.22,90.75,12,12.55,0
104,Chokurdakh,RU,2126123,70.63,60.24,56,15.68,24
105,Moron,MN,2029947,47.38,59.79,99,2.93,68
106,Luderitz,,3355672,-26.65,65.46,57,6.06,0
107,Pustoshka,RU,503878,56.34,74.37,74,8.19,92
108,Isangel,VU,2136825,-19.55,72.84,100,10.76,100
109,Saldanha,ZA,3361934,-33.01,64.4,68,8.05,32
110,Belmonte,BR,3470137,-15.86,80.6,65,6.93,20
111,Ancud,CL,3899695,-41.87,43.68,85,5.95,68
112,Williams Lake,CA,6182212,52.14,46.4,75,6.93,75
113,Dikson,RU,1507390,73.51,42.96,98,13.67,56
114,Atuona,PF,4020109,-9.8,79.32,100,19.71,76
115,Juye,CN,1804892,35.39,87.69,65,9.98,8
116,Sur,OM,286245,22.57,90.12,79,1.59,8
117,Mudu,CN,1898359,31.25,81.39,79,10.98,0
118,Poum,NC,2138555,-20.23,72.84,100,8.08,24
119,Bellavista,PE,3699364,-7.06,78.8,83,0.58,0
120,Roseburg,US,5749352,43.22,57.2,67,8.05,1
121,Le Vauclin,MQ,3570392,14.55,86.0,66,20.8,40
122,Minbu,MM,1309289,20.18,75.54,100,9.64,100
123,Adrar,DZ,2508813,27.87,118.4,8,11.41,0
124,Bima,ID,1648759,-8.47,75.72,96,2.71,64
125,Salalah,OM,286621,17.02,78.8,88,9.17,90
126,Tateyama,JP,1850523,34.98,82.4,83,16.11,20
127,Dunedin,NZ,2191562,-45.87,43.86,69,8.97,56
128,Ahuimanu,US,5856516,21.44,78.8,74,5.82,90
129,Kyren,RU,2021031,51.68,52.32,98,2.04,88
130,Port Elizabeth,ZA,964420,-33.92,73.4,31,4.7,0
131,Tahe,CN,2034615,52.33,62.22,95,2.93,0
132,Cabo San Lucas,MX,3985710,22.89,86.0,48,11.41,75
133,Lakhdenpokhya,RU,537147,61.52,71.76,77,10.42,80
134,Arraial do Cabo,BR,3471451,-22.97,80.6,61,17.22,0
135,Nhulunbuy,AU,2064735,-12.23,73.4,88,9.17,40
136,Sambava,MG,1056899,-14.27,72.21,100,14.0,80
137,Kapchorwa,UG,232235,1.4,70.05,82,2.71,24
138,Georgiyevka,KZ,1524243,43.04,76.17,33,4.38,0
139,Deputatskiy,RU,2028164,69.3,56.1,71,3.94,56
140,Byron Bay,AU,2172880,-28.65,57.2,41,5.82,0
141,Yurga,RU,1485724,55.72,64.02,85,4.5,32
142,Margate,ZA,978895,-30.86,70.14,69,17.81,0
143,Svetlaya,RU,2015852,46.54,67.44,80,2.37,92
144,Tecoanapa,MX,3516171,16.52,79.59,88,3.6,12
145,Ambon,ID,1651531,-3.7,75.2,100,6.93,75
146,Pervomayskoye,RU,510814,60.36,75.2,69,13.42,75
147,Necochea,AR,3430443,-38.55,49.44,100,16.13,80
148,Mildura,AU,2157698,-34.2,40.98,90,7.18,0
149,Vestmanna,FO,2610343,62.16,55.4,93,10.29,80
150,Provideniya,RU,4031574,64.38,43.77,100,8.08,92
151,Skegness,GB,2637762,53.14,80.6,47,8.05,20
152,Ramnagar,IN,1258639,27.17,87.69,77,4.72,12
153,Ambilobe,MG,1082243,-13.2,78.96,45,13.56,68
154,Antalaha,MG,1071296,-14.9,70.14,100,10.65,80
155,Beidao,CN,1816751,34.57,63.84,100,4.05,92
156,Wahiawa,US,5853992,21.5,78.8,78,3.36,75
157,Borujerd,IR,140044,33.9,87.24,21,1.59,68
158,Fairbanks,US,5861897,64.84,55.4,93,3.36,90
159,Dongsheng,CN,1812256,39.82,65.37,99,9.53,92
160,Kamaishi,JP,2112444,39.27,70.95,92,2.71,8
161,Matagami,CA,6067747,49.75,77.0,53,6.93,1
162,Avon Park,US,4146440,27.6,78.8,88,6.4,5
163,Hovd,MN,2030474,44.67,67.98,28,13.44,0
164,Vardo,NO,777019,70.37,80.6,64,8.05,0
165,Clyde River,CA,5924351,70.47,41.0,93,19.46,90
166,Bredasdorp,ZA,1015776,-34.53,62.6,77,8.05,80
167,Bonavista,CA,5905393,48.65,61.23,82,2.15,0
168,Torbay,CA,6167817,47.67,69.8,73,6.93,75
169,College,US,5859699,64.86,55.4,93,3.36,90
170,Jinka,ET,333750,5.65,80.49,42,3.49,80
171,Kahului,US,5847411,20.89,73.4,83,12.75,1
172,Lorengau,PG,2092164,-2.02,83.1,99,15.68,92
173,Saskylakh,RU,2017155,71.92,38.28,76,17.81,56
174,Cidreira,BR,3466165,-30.18,79.14,76,10.76,76
175,Marathon,CA,6065867,48.75,62.6,88,3.36,90
176,Makubetsu,JP,2129324,45.37,63.93,91,22.73,92
177,Maues,BR,3395062,-3.38,88.77,61,3.49,8
178,Tchibanga,GA,2396253,-2.85,80.85,68,5.39,36
179,Chapayevka,UA,710947,49.38,73.29,83,9.08,92
180,Oltu,TR,741160,40.55,71.49,41,1.92,68
181,Sangar,RU,2017215,63.92,59.52,55,5.39,36
182,Moranbah,AU,6533368,-22.0,60.69,37,11.77,8
183,Aswan,EG,359792,24.09,108.39,11,7.96,0
184,Husavik,IS,2629833,66.04,55.4,87,4.7,75
185,Aklavik,CA,5882953,68.22,48.2,76,10.29,75
186,San Cristobal,EC,3651949,-0.9,75.2,78,13.87,75
187,Remetea Mare,RO,668979,45.78,84.2,48,6.93,20
188,Cayenne,GF,6690689,4.94,86.0,70,9.17,75
189,Medina,BR,3457358,-16.22,69.06,77,7.18,64
190,Kiama,AU,7839738,-34.67,50.0,53,18.34,0
191,Codajas,BR,3664525,-3.84,86.52,69,3.71,12
192,Cherskiy,RU,2126199,68.75,40.08,75,2.37,0
193,Nkhotakota,MW,924705,-12.93,64.02,94,6.73,20
194,Lakes Entrance,AU,2160735,-37.88,50.34,82,17.58,76
195,Andros Town,BS,3572906,24.7,86.0,66,14.99,75
196,Flin Flon,CA,5954719,54.77,68.0,72,6.93,75
197,Padang,ID,1633419,-0.95,81.39,100,7.07,44
198,Kangaatsiaq,GL,3422683,68.31,41.34,94,12.21,92
199,Cockburn Town,TC,3576994,21.46,80.13,100,16.24,64
200,Tasiilaq,GL,3424607,65.61,42.8,87,5.82,75
201,Longyearbyen,SJ,2729907,78.22,46.4,87,9.17,75
202,Cochabamba,BO,3919968,-17.39,64.4,34,5.82,40
203,Tabuk,SA,101628,28.38,100.4,12,19.46,20
204,Carnarvon,AU,2074865,-24.87,61.68,100,6.06,0
205,Sembakung,ID,1627877,3.82,72.66,100,2.71,92
206,Puerto Colombia,CO,3671497,10.99,80.6,78,4.7,40
207,Broome,AU,7839347,-18.21,62.6,82,4.7,0
208,Cam Ranh,VN,1586350,11.92,80.94,90,10.76,36
209,Berlevag,NO,780687,70.86,80.6,87,10.29,0
210,Agirish,RU,1512101,61.92,68.16,48,5.73,12
211,Ahipara,NZ,2194098,-35.17,42.69,100,4.5,20
212,Plettenberg Bay,ZA,964712,-34.05,70.05,75,2.48,8
213,Chiredzi,ZW,893485,-21.05,69.8,52,5.82,0
214,Bilma,NE,2446796,18.69,104.61,11,4.61,8
215,Bambous Virieux,MU,1106677,-20.34,69.8,77,10.29,75
216,Laguna,BR,3459094,-28.48,69.96,83,15.57,20
217,Souillac,MU,933995,-20.52,69.8,77,10.29,75
218,Saint-Pierre,PM,3424934,46.77,66.2,72,5.82,0
219,Cervo,ES,6355242,43.67,66.72,100,7.96,80
220,Boyolangu,ID,1648082,-8.12,73.74,100,7.96,8
221,Tiksi,RU,2015306,71.69,41.97,76,8.41,92
222,Vilyuysk,RU,2013392,63.76,63.03,53,5.61,32
223,George,ZA,1002145,-33.96,68.0,52,12.75,0
224,Tucumcari,US,5495360,35.17,91.4,19,16.11,1
225,Natitingou,BJ,2392601,10.3,75.2,88,9.17,75
226,Sadovoye,RU,499528,51.53,77.61,73,4.16,80
227,Los Llanos de Aridane,ES,2514651,28.66,75.2,69,18.34,20
228,Katsuura,JP,2112309,35.13,82.4,83,16.11,20
229,Manta,EC,3654410,-0.95,75.2,78,4.7,40
230,Cabras,IT,2525478,39.93,83.73,47,3.04,48
231,Kotel,BG,730073,42.88,84.2,54,14.99,36
232,Chapais,CA,5919850,49.78,75.2,50,12.75,1
233,Rafai,CF,236524,4.95,82.74,74,4.16,12
234,Hobyo,SO,57000,5.35,80.31,63,24.85,36
235,Prince Rupert,CA,6113406,54.32,55.4,100,2.24,90
236,Klaksvik,FO,2618795,62.23,55.4,93,10.29,88
237,Saint George,BM,3573062,32.38,82.4,83,16.11,90
238,Zhadovka,RU,463568,53.57,71.67,87,4.94,88
239,Aleksandrov Gay,RU,583345,50.15,74.46,66,7.74,92
240,Kotma,IN,1265964,23.2,81.93,80,7.4,88
241,Augusto Correa,BR,3406961,-1.02,88.59,67,6.62,0
242,Farmington,US,4386289,37.78,84.2,62,6.93,1
243,Magole,TZ,155334,-6.37,77.0,50,2.37,40
244,Baruun-Urt,MN,2032614,46.68,65.82,99,4.16,92
245,Srednekolymsk,RU,2121025,67.45,45.39,71,2.71,0
246,Bubanza,BI,428515,-3.08,82.4,42,16.11,20
247,Bayangol,RU,2027002,50.7,55.02,90,2.04,68
248,Esperance,AU,2071860,-33.87,49.35,50,9.75,0
249,Sawtell,AU,2150163,-30.38,53.6,40,10.29,0
250,Kununurra,AU,2068110,-15.77,57.2,71,11.65,0
251,Carutapera,BR,3402648,-1.2,87.06,71,9.19,8
252,Vigrestad,NO,3131824,58.57,68.0,64,10.29,0
253,Aguimes,ES,2522325,27.91,78.8,61,33.33,20
254,Baiyin,CN,1817240,36.56,59.0,93,2.24,40
255,Skjervoy,NO,777682,70.03,57.2,82,4.7,75
256,Limbe,HT,3722124,19.7,84.2,66,6.93,75
257,Vadso,NO,777073,70.07,84.2,32,9.17,0
258,Port-Gentil,GA,2396518,-0.72,77.0,78,17.22,20
259,Vila Velha,BR,3445026,-20.33,80.6,61,9.17,20
260,Nyurba,RU,2018735,63.28,60.51,72,3.38,24
261,Salina Cruz,MX,3520064,16.17,83.01,72,3.94,0
262,Pleshanovo,RU,509017,52.83,70.95,92,4.16,88
263,Nanortalik,GL,3421765,60.14,40.17,98,15.23,56
264,Nevel,RU,522410,56.02,73.74,77,8.75,64
265,Cap Malheureux,MU,934649,-19.98,69.8,77,10.29,75
266,Bondo,CD,218253,3.81,84.18,65,2.59,36
267,Tadine,NC,2138285,-21.55,70.14,99,9.64,80
268,La Paz,MX,6942826,24.13,77.0,65,13.87,40
269,Pervomayskiy,RU,2018021,51.67,65.82,82,5.06,88
270,Villaviciosa,ES,6359977,43.48,68.0,77,5.82,40
271,Broken Hill,AU,2173911,-31.95,35.22,88,2.93,0
272,Touros,BR,3386213,-5.2,80.85,77,16.46,76
273,Mehamn,NO,778707,71.04,55.4,87,10.29,0
274,Nome,US,5870133,64.5,48.2,100,5.82,90
275,Nantucket,US,4944903,41.28,78.8,44,8.05,1
276,Ilulissat,GL,3423146,69.22,44.6,81,10.29,75
277,Kizukuri,JP,2129513,40.81,68.52,96,2.71,24
278,Cascas,PE,3698705,-7.48,68.0,42,6.93,0
279,Novokizhinginsk,RU,2018930,51.61,62.4,99,3.04,68
280,Ballina,AU,7839686,-28.85,59.61,100,15.46,0
281,Sal Rei,CV,3374235,16.18,87.8,61,14.99,75
282,Dolinsk,RU,2125945,47.35,65.01,83,4.61,80
283,Harper,LR,2276492,4.38,78.24,100,12.1,36
284,Jieshi,CN,1805857,22.81,82.11,95,8.63,20
285,Livingston,US,4433944,32.55,89.6,70,4.7,1
286,Okhotsk,RU,2122605,59.38,53.31,100,2.59,36
287,Yamada,JP,2110560,39.47,67.89,93,1.36,48
288,Kuntaur,GM,2412778,13.67,90.12,74,4.94,24
289,Floro,NO,3156980,61.6,71.6,72,13.87,20
290,Businga,CD,217637,3.33,84.27,65,2.71,32
291,Talnakh,RU,1490256,69.49,44.76,68,7.63,0
292,Bloemfontein,ZA,1018725,-29.12,60.8,25,5.82,0
293,Lavrentiya,RU,4031637,65.58,43.14,95,7.96,92
294,Bundaberg,AU,7839564,-24.97,53.31,82,6.62,76
295,Zhifang,CN,1784543,30.35,91.4,63,6.71,0
296,Pisco,PE,3932145,-13.7,64.4,82,5.82,90
297,Meulaboh,ID,1214488,4.14,78.06,100,3.04,92
298,Camacha,PT,2270385,33.08,78.8,64,11.41,20
299,Shar,KZ,1519275,49.59,73.29,41,9.98,0
300,Pangai,TO,4032369,-19.8,74.73,100,15.12,0
301,Iquitos,PE,3696183,-3.75,78.8,83,3.36,75
302,Paamiut,GL,3421193,61.99,42.42,92,20.49,92
303,Mazatlan,MX,3996322,23.22,78.8,94,4.7,75
304,Namatanai,PG,2090021,-3.67,80.67,100,8.52,24
305,Rocha,UY,3440777,-34.48,51.24,91,14.56,92
306,Dicabisagan,PH,1715015,17.08,75.09,100,5.61,92
307,Arauco,CL,3899462,-37.25,44.6,75,5.82,0
308,Pacific Grove,US,5380437,36.62,62.6,82,4.7,1
309,Kearney,US,5071348,40.7,77.0,78,4.7,1
310,Niquero,CU,3545981,20.04,85.62,91,7.18,0
311,Havoysund,NO,779622,71.0,60.8,77,9.17,40
312,Vestmannaeyjar,IS,3412093,63.44,50.0,100,19.46,90
313,Jizan,SA,105299,16.89,95.0,53,16.11,40
314,Birao,CF,240210,10.28,82.56,72,7.18,92
315,Camopi,GF,3382226,3.17,85.26,68,3.04,24
316,Nouadhibou,MR,2377457,20.93,75.2,69,21.92,0
317,Kovernino,RU,543494,57.13,75.72,69,12.55,44
318,Dawson Creek,CA,5935804,55.77,57.2,93,3.36,90
319,Jiaojiang,CN,1809061,28.68,75.36,92,2.48,8
320,Hambantota,LK,1244926,6.12,82.02,92,17.58,12
321,Usinsk,RU,863061,65.99,68.43,64,4.38,0
322,West Bay,KY,3580477,19.37,87.8,79,8.05,20
323,Ixtapa,MX,4004293,20.7,80.6,83,4.7,40
324,Aklera,IN,1279115,24.42,79.23,92,5.73,92
325,Wenzhou,CN,1791388,28.0,72.93,90,1.14,0
326,Mandalgovi,MN,2030065,45.76,67.53,30,11.21,0
327,Cap-aux-Meules,CA,5915327,47.38,75.2,60,11.41,20
328,Komsomolskiy,RU,545728,43.98,91.29,44,5.06,20
329,Lake Charles,US,4330236,30.21,89.6,62,9.17,40
330,Hamilton,BM,3573198,32.29,82.4,83,16.11,90
331,Makakilo City,US,5850554,21.35,78.8,73,3.36,75
332,Tromso,NO,3133895,69.65,57.2,82,5.82,75
333,Port Blair,IN,1259385,11.67,82.47,99,26.53,88
334,Narrabri,AU,7839755,-30.33,37.92,78,5.73,0
335,Mogadishu,SO,53654,2.04,76.89,100,19.15,8
336,Srandakan,ID,1626493,-7.94,68.61,96,2.48,0
337,Bialystok,PL,776069,53.13,76.98,69,10.2,100
338,Verkhoyansk,RU,2013465,67.54,60.42,59,4.16,64
339,Mpika,ZM,905846,-11.83,63.57,47,11.65,12
340,Anadyr,RU,2127202,64.75,50.0,87,15.66,75
341,Progreso,MX,3521108,21.28,84.2,70,8.05,20
342,Contamana,PE,3697838,-7.33,82.65,78,2.93,0
343,Barao de Melgaco,BR,3470871,-16.19,91.4,29,6.93,0
344,Santa Cruz del Norte,CU,3537845,23.15,86.0,70,5.82,20
345,Sarangani,PH,1687186,5.4,83.91,100,6.96,20
346,Tuktoyaktuk,CA,6170031,69.45,46.4,75,19.46,75
347,Beroroha,MG,1066831,-21.67,75.36,41,11.54,92
348,Tura,RU,2014833,64.28,47.64,47,5.73,0
349,Nalut,LY,2214433,31.87,106.32,14,11.65,0
350,Deep River,CA,5937073,46.1,75.2,57,6.93,1
351,Cuxhaven,DE,2939658,53.87,75.2,41,10.29,40
352,Severo-Kurilsk,RU,2121385,50.68,52.86,93,4.16,92
353,Sao Paulo de Olivenca,BR,3662252,-3.38,77.61,90,2.93,80
354,Sioux Lookout,CA,6148373,50.1,62.6,93,4.7,90
355,Kalmunai,LK,1242110,7.42,82.47,57,5.95,20
356,Luau,AO,876177,-10.71,77.61,24,3.94,0
357,Pampa,US,5527953,35.54,96.8,16,14.99,1
358,Pringsewu,ID,1630639,-5.36,79.14,74,3.38,68
359,Batagay,RU,2027044,67.63,60.78,54,7.63,64
360,Alugan,PH,1731248,12.22,83.37,90,12.1,68
361,Zhigansk,RU,2012530,66.77,55.56,63,10.54,80
362,Lac du Bonnet,CA,6014443,50.25,67.26,81,14.79,80
363,Pucallpa,PE,3693345,-8.38,80.6,78,3.36,75
364,Albina,SR,3384792,5.5,84.54,77,2.93,32
365,Alofi,NU,4036284,-19.06,73.4,94,5.82,75
366,Marrakesh,MA,2542997,31.63,98.6,23,4.7,75
367,Athabasca,CA,5887916,54.72,59.61,100,11.77,92
368,Bulungu,CD,2316259,-4.55,87.51,44,8.97,0
369,Dukat,RU,2125906,62.55,36.39,91,2.48,0
370,Krasnokamensk,RU,1502096,54.33,59.7,87,2.48,76
371,Cafelandia,BR,3468296,-21.8,85.89,37,10.65,0
372,Baie-Saint-Paul,CA,6690232,47.44,69.78,64,5.06,0
373,Tuatapere,NZ,2180815,-46.13,54.3,81,18.14,8
374,Buraydah,SA,107304,26.33,109.4,13,14.99,0
375,Tabou,CI,2281120,4.42,78.24,100,12.44,20
376,Hereford,US,5523074,34.82,91.4,22,16.11,1
377,Yerbogachen,RU,2012956,61.28,66.81,53,6.62,76
378,Pemba,MZ,1028918,-12.97,75.2,73,13.87,20
379,Mayumba,GA,2399001,-3.43,74.01,88,10.54,0
380,Port Lincoln,AU,7839452,-34.73,53.13,100,8.08,92
381,Hay River,CA,5972762,60.82,64.4,63,6.93,40
382,Ponta Delgada,PT,3372783,37.73,73.4,56,14.99,40
383,Kavieng,PG,2094342,-2.57,80.94,100,13.22,24
384,San Luis,MX,3985665,28.43,69.42,90,6.51,12
385,Antofagasta,CL,3899539,-23.65,57.2,71,16.11,0
386,Ust-Nera,RU,2120048,64.57,42.42,86,1.92,0
387,Tokur,RU,2015217,53.13,52.41,100,2.93,92
388,Nuevitas,CU,3545841,21.55,86.0,66,10.29,20
389,Ejura,GH,2301217,7.39,86.16,65,9.64,68
390,Filadelfia,PY,3867291,-22.35,54.93,96,18.03,100
391,Inuvik,CA,5983607,68.35,48.2,87,8.05,75
392,Te Anau,NZ,2181625,-45.42,47.64,73,13.22,48
393,Lompoc,US,5367788,34.64,68.0,77,5.82,1
394,Nador,MA,2541472,35.0,91.4,16,12.75,0
395,Trat,TH,1605279,12.24,76.26,100,3.49,88
396,Shieli,KZ,1524801,44.17,86.7,21,13.44,0
397,Cedar City,US,5536630,37.68,69.8,60,2.59,1
398,Craig,US,5576064,40.52,69.8,32,2.93,1
399,Almansa,ES,6355301,38.83,91.4,15,14.99,0
400,Panguna,PG,2088659,-6.32,69.42,90,2.93,0
401,Tottori,JP,1849892,35.5,74.64,99,3.94,8
402,Kindu,CD,212902,-2.95,92.73,27,3.38,20
403,Rheda-Wiedenbruck,DE,2847690,51.85,86.0,28,4.7,0
404,Labuhan,ID,8079926,-6.88,83.82,99,15.01,0
405,Zaysan,KZ,1517060,47.47,59.61,64,1.7,32
406,Oranjemund,,3354071,-28.55,59.34,96,11.77,0
407,Seoul,KR,1835848,37.57,78.8,83,2.24,0
408,Comodoro Rivadavia,AR,3860443,-45.87,41.0,100,5.82,0
409,Babino,RU,579951,56.23,66.2,88,8.95,90
410,Mount Isa,AU,2065594,-20.73,41.0,56,4.7,0
411,Santo Antonio do Ica,BR,3662395,-3.1,77.52,90,4.94,76
412,Ranfurly,NZ,2183774,-45.13,42.87,67,10.2,20
413,Virginia Beach,US,4791259,36.85,84.2,51,10.29,75
414,Kulhudhuffushi,MV,1337613,6.62,80.58,100,19.04,48
415,Charters Towers,AU,7839570,-20.21,55.02,42,8.97,0
416,Zonguldak,TR,737022,41.45,82.4,54,8.05,40
417,Saint-Leu,RE,6690297,-21.15,68.0,64,19.46,40
418,Pearl,US,4440559,32.27,87.8,74,6.93,1
419,Constitucion,CL,3893726,-35.33,46.38,100,4.94,0
420,Dunmore Town,BS,3572462,25.5,83.91,100,15.57,20
421,Aitape,PG,2101169,-3.14,80.67,94,6.51,64
422,Waingapu,ID,1622318,-9.66,73.56,91,6.62,24
423,North Platte,US,5697939,41.12,80.6,78,5.5,1
424,Batavia,US,4884192,41.85,73.4,83,6.93,90
425,Stornoway,GB,2636790,58.21,57.2,82,10.29,75
426,Makarov,RU,2123614,48.63,60.6,93,5.06,92
427,Ust-Kuyga,RU,2013921,70.02,41.16,100,7.96,92
428,Leningradskiy,RU,2123814,69.38,40.89,83,1.14,68
429,Korla,CN,1529376,41.76,73.29,39,4.72,0
430,Inyonga,TZ,159134,-6.72,76.89,30,4.5,0
431,Mackay,AU,7839593,-21.08,64.4,93,5.82,44
432,Piterka,RU,509269,50.68,67.53,99,6.17,100
433,Fortuna,US,5563839,40.6,55.4,82,6.17,1
434,Chicama,PE,3698359,-7.84,68.0,72,8.05,75
435,Geraldton,CA,5960603,49.73,69.8,68,2.24,90
436,Hannoversch Munden,DE,2867613,51.42,84.2,24,3.36,0
437,Uribia,CO,3666409,11.71,89.49,56,24.18,0
438,Owensboro,US,4303436,37.77,84.2,79,13.87,75
439,Dauriya,RU,2025099,49.93,69.24,81,9.64,56
440,Mahibadhoo,MV,1337605,3.78,81.66,100,16.13,68
441,Beloha,MG,1067565,-25.17,70.05,49,16.58,36
442,Santa Cecilia,BR,3450376,-26.96,72.84,55,8.19,0
443,Dinghai,CN,1812805,26.28,78.8,83,4.47,0
444,Kozhva,RU,543246,65.11,70.32,63,3.38,0
445,Kloulklubed,PW,7671223,7.04,84.2,83,9.17,90
446,Aksay,KZ,610720,50.68,82.02,47,7.4,92
447,Bathsheba,BB,3374083,13.22,84.2,74,25.28,40
448,Thessalon,CA,6164831,46.25,75.2,53,10.29,75
449,Kishi,NG,2334327,9.08,79.14,92,9.75,68
450,Arroio Grande,BR,3471422,-32.24,55.11,100,18.48,100
451,Porto de Moz,BR,3391387,-1.75,84.81,73,6.62,56
452,Liverpool,CA,6057856,44.03,63.48,85,4.61,0
453,Mayo,CA,6068416,63.59,55.4,82,4.72,90
454,Preobrazheniye,RU,2017658,42.9,68.52,92,1.59,36
455,Tumpat,MY,1736356,6.2,78.8,94,3.36,75
456,Mogoytuy,RU,2019892,51.28,67.89,83,7.96,88
457,Strezhevoy,RU,1490796,60.73,57.2,54,6.71,0
458,Sao Miguel do Araguaia,BR,3448455,-13.28,81.57,78,8.41,0
459,Glendive,US,5654391,47.11,71.6,68,6.93,40
460,Taoudenni,ML,2450173,22.68,111.54,16,4.61,0
461,Sinnamary,GF,6690707,5.38,82.29,94,9.98,32
462,Norman Wells,CA,6089245,65.28,46.4,93,12.75,90
463,Gamba,GA,2400547,-2.65,84.36,61,10.2,0
464,Tarko-Sale,RU,1490085,64.92,55.11,48,10.42,0
465,Beringovskiy,RU,2126710,63.05,46.92,100,11.21,80
466,Veinticinco de Mayo,AR,3427537,-27.38,65.28,79,15.01,92
467,Vercelli,IT,6540116,45.32,89.6,48,6.93,0
468,Matamoros,MX,3996426,25.53,82.4,30,6.93,5
469,Samarai,PG,2132606,-10.62,77.79,99,11.65,92
470,Novyy Svit,UA,698861,47.81,76.26,72,4.05,48
471,Praya,ID,1630662,-8.71,77.0,88,5.82,90
472,Mapiri,BO,3910758,-15.25,66.36,91,3.94,32
473,Tsumeb,,3352593,-19.23,69.8,37,6.93,0
474,Umrala,IN,1253815,21.83,80.6,94,4.7,75
475,Tikrit,IQ,90150,34.61,106.05,9,10.09,0
476,Saint-Augustin,CA,6137462,51.23,62.04,74,15.12,0
477,Swan Hill,AU,7839827,-35.1,42.87,87,9.42,0
478,Vostok,RU,2013279,46.49,71.85,91,2.37,92
479,Kudinovo,RU,539885,55.0,74.19,85,8.19,88
480,Ramhormoz,IR,118826,31.28,103.89,14,6.17,76
481,Sitka,US,5557293,57.05,55.4,87,9.17,90
482,Kavaratti,IN,1267390,10.57,83.37,94,27.2,88
483,Gaoual,GN,2420826,11.75,81.84,87,6.4,80
484,Izazi,TZ,158825,-7.2,69.8,46,5.82,20
485,Maun,BW,933366,-19.98,72.03,28,8.52,12
486,Praia da Vitoria,PT,3372760,38.73,73.4,83,14.12,20
487,Baghdad,IQ,98182,33.34,105.8,13,18.34,0
488,Sai Buri,TH,1606851,6.7,78.8,88,3.36,20
489,Santa Rosa,AR,3428182,-28.26,48.09,100,16.24,92
490,Taksimo,RU,2015701,56.34,62.13,75,2.37,88
491,Flinders,AU,2166453,-38.47,42.8,100,13.87,92
492,Sanmenxia,CN,1796669,34.77,83.64,64,5.39,0
493,Ayolas,PY,3439378,-27.4,51.42,100,14.23,100
494,Dillon,US,5419606,39.63,68.0,30,4.7,1
495,Sazonovo,RU,498035,59.09,67.71,95,6.96,88
496,Yarada,IN,1252783,17.65,83.82,94,21.61,92
497,Wasilla,US,5877641,61.58,53.6,87,2.04,90
498,Marystown,CA,6067472,47.17,63.48,85,3.04,0
499,Bilibino,RU,2126682,68.05,39.09,89,2.15,12
500,Xingcheng,CN,2033766,40.62,77.07,89,9.64,8
501,Neiafu,TO,4032420,-18.65,75.2,83,4.7,75
502,Lagodekhi,GE,613342,41.83,91.4,52,4.7,40
503,Luoyang,CN,1801797,24.96,77.07,79,5.06,12
504,Vao,NC,2137773,-22.67,70.5,100,10.09,92
505,Nabire,ID,1634614,-3.37,69.69,98,1.92,92
506,Nortelandia,BR,3456248,-14.45,82.74,69,7.96,0
507,Ihosy,MG,1064275,-22.4,57.0,82,10.2,80
508,Sorland,NO,3137469,67.67,60.8,82,14.99,0
509,Saint-Dizier,FR,6436331,48.63,80.6,47,3.36,0
510,Clyde,NZ,2192264,-45.18,43.95,67,7.18,48
511,Lakatoro,VU,2136697,-16.1,73.74,93,8.19,32
512,Ihiala,NG,2338497,5.85,70.41,100,0.47,92
513,Avare,BR,3471291,-23.1,82.38,45,9.75,0
514,Westport,IE,2960970,53.8,60.8,87,11.41,75
515,Morristown,US,4642938,36.21,82.4,61,8.05,1
516,Balabac,PH,1728675,7.99,85.62,96,10.76,20
517,Yekaterinovka,RU,2013030,42.92,68.07,93,1.92,44
518,Igarka,RU,1505991,67.47,49.44,51,14.56,0
519,Leh,IN,1264976,34.17,45.12,64,1.14,76
520,Presidencia Roque Saenz Pena,AR,3840300,-26.79,53.22,72,17.81,24
521,Chifeng,CN,2038067,42.27,76.35,76,7.4,0
522,Montepuez,MZ,1037125,-13.13,75.09,40,6.06,80
523,Fernandina Beach,US,4155006,30.67,84.2,79,12.75,75
524,Mount Gambier,AU,7839440,-37.82,47.01,82,4.61,92
525,Kerouane,GN,2419622,9.27,77.34,84,4.16,76
526,Wufeng,CN,1784592,27.45,72.66,67,6.4,12
527,Namibe,AO,3347019,-15.2,69.51,95,7.52,0
528,Karasjok,NO,779349,69.47,60.8,77,10.29,0
529,Maniitsoq,GL,3421982,65.42,42.96,96,10.98,68
530,Auce,LV,461336,56.46,82.4,51,4.7,0
531,Ewa Beach,US,5855051,21.32,78.8,73,3.36,75
532,Puerto Escondido,MX,3520994,15.85,80.6,65,6.93,40
533,Coihaique,CL,3894426,-45.58,35.6,69,4.7,75
